ROI,Embedding,2v2_Accuracy,Pearson_Correlation
language_left,BERT_CLS,0.9441351766513056,0.8251445051545877
language_left,BERT_Pooled,0.9808753712237582,0.7034200792068532
language_left,RoBERTa_CLS,0.9758545826932924,0.998012443692884
language_left,RoBERTa_Pooled,0.9685906810035843,0.9758694898819297
language_left,GloVe,0.9462115719406041,0.7705256961658604
language_right,BERT_CLS,0.9255229902713774,0.8237257333352284
language_right,BERT_Pooled,0.9733845366103431,0.7008660183387726
language_right,RoBERTa_CLS,0.9755506400409626,0.9980487376700001
language_right,RoBERTa_Pooled,0.9552192524321557,0.9758596266915853
language_right,GloVe,0.9302308243727598,0.7692413250554943
vision_left,BERT_CLS,0.9245087557603686,0.8178604555699092
vision_left,BERT_Pooled,0.9748964669738862,0.6938177505319002
vision_left,RoBERTa_CLS,0.9693058883768562,0.9979434168826234
vision_left,RoBERTa_Pooled,0.9618855094726062,0.9755306732463455
vision_left,GloVe,0.9356350230414746,0.7677240924624751
vision_right,BERT_CLS,0.8878930875576037,0.7978128004467926
vision_right,BERT_Pooled,0.9375156169994879,0.659733156774766
vision_right,RoBERTa_CLS,0.9329134664618536,0.9976453636413479
vision_right,RoBERTa_Pooled,0.9164190476190475,0.9716847237338573
vision_right,GloVe,0.8849826932923707,0.7392396647765737
task_positive_left,BERT_CLS,0.8192225294418842,0.7377300331325756
task_positive_left,BERT_Pooled,0.8942762928827446,0.5827933494260513
task_positive_left,RoBERTa_CLS,0.8855954941116231,0.9965943615864123
task_positive_left,RoBERTa_Pooled,0.8585544290834614,0.9595567933398266
task_positive_left,GloVe,0.8194576548899131,0.6631687303326087
task_positive_right,BERT_CLS,0.8300243727598566,0.7607249489279496
task_positive_right,BERT_Pooled,0.8917824884792627,0.6062665883101991
task_positive_right,RoBERTa_CLS,0.8925656938044035,0.9970585367820067
task_positive_right,RoBERTa_Pooled,0.8689437788018433,0.9646496811739084
task_positive_right,GloVe,0.8342480286738351,0.6914662782780227
dmn_left,BERT_CLS,0.8775328213005633,0.7679658516652175
dmn_left,BERT_Pooled,0.9412083973374296,0.6244904973434685
dmn_left,RoBERTa_CLS,0.9420100358422939,0.9972451000049158
dmn_left,RoBERTa_Pooled,0.9246603174603173,0.966601068202863
dmn_left,GloVe,0.8941341525857656,0.7090923853055143
dmn_right,BERT_CLS,0.8736270353302611,0.7691012232874886
dmn_right,BERT_Pooled,0.9363277009728621,0.622264301304408
dmn_right,RoBERTa_CLS,0.9298183307731694,0.9971870414497236
dmn_right,RoBERTa_Pooled,0.9086545826932924,0.9661097427315368
dmn_right,GloVe,0.8934545826932924,0.7065105323562476
