ROI,Embedding,2v2_Accuracy,Pearson_Correlation
language_left,BERT_CLS,0.6913822836661546,0.4813225176754748
language_left,BERT_Pooled,0.7158558115719404,0.5001717397621424
language_left,RoBERTa_CLS,0.834447516641065,0.672150001012551
language_left,RoBERTa_Pooled,0.8097298515104967,0.6180387209382708
language_left,GloVe,0.7675186891961086,0.6111791088854398
language_right,BERT_CLS,0.6814005120327702,0.2947938395796731
language_right,BERT_Pooled,0.7092169994879673,0.3140543176254016
language_right,RoBERTa_CLS,0.7908604198668714,0.48879661810762787
language_right,RoBERTa_Pooled,0.7717640552995392,0.4198542449639996
language_right,GloVe,0.7503115207373272,0.4177982854667306
vision_left,BERT_CLS,0.7316862263184843,0.6490467728017324
vision_left,BERT_Pooled,0.7722252944188428,0.6703173253866056
vision_left,RoBERTa_CLS,0.8139530977982592,0.7853498644635621
vision_left,RoBERTa_Pooled,0.8175274961597543,0.7553642919642105
vision_left,GloVe,0.7629656938044035,0.7380177001177395
vision_right,BERT_CLS,0.7258736303123399,0.6403949462166618
vision_right,BERT_Pooled,0.7561036354326676,0.6627770234793395
vision_right,RoBERTa_CLS,0.7975348694316435,0.7796839435624958
vision_right,RoBERTa_Pooled,0.795800102406554,0.7470070259283119
vision_right,GloVe,0.747768561187916,0.7347966890536394
task_positive_left,BERT_CLS,0.6497495135688685,0.43768101074172183
task_positive_left,BERT_Pooled,0.6810990271377368,0.4584386872618011
task_positive_left,RoBERTa_CLS,0.7814824372759857,0.6405381568609025
task_positive_left,RoBERTa_Pooled,0.7730719918074757,0.5869428854125404
task_positive_left,GloVe,0.7374771121351766,0.5828252936508818
task_positive_right,BERT_CLS,0.6488958525345622,0.30278502893591275
task_positive_right,BERT_Pooled,0.6685177675371223,0.3162677197684476
task_positive_right,RoBERTa_CLS,0.7578191500256016,0.5072074107288632
task_positive_right,RoBERTa_Pooled,0.7558640040962621,0.4410976901922936
task_positive_right,GloVe,0.7242928827444957,0.43191320319396753
dmn_left,BERT_CLS,0.6644890937019969,0.27568439310382586
dmn_left,BERT_Pooled,0.6906154633896568,0.29144857105640043
dmn_left,RoBERTa_CLS,0.7929937532002048,0.4776621134877355
dmn_left,RoBERTa_Pooled,0.7572288786482335,0.4023359620796933
dmn_left,GloVe,0.7084796722990271,0.3643026658466444
dmn_right,BERT_CLS,0.6576401433691756,0.23686022913293617
dmn_right,BERT_Pooled,0.693579928315412,0.2689712078183654
dmn_right,RoBERTa_CLS,0.7739752176139273,0.4305877096826271
dmn_right,RoBERTa_Pooled,0.7382660522273425,0.35917864618697165
dmn_right,GloVe,0.7156608294930876,0.3460592558444868
